{
  "$schema": "https://raw.githubusercontent.com/DotNetAnalyzers/StyleCopAnalyzers/master/StyleCop.Analyzers/StyleCop.Analyzers/Settings/stylecop.schema.json",
  "settings": {
    "indentation": {
      "useTabs": false
    },
    "documentationRules": {
      "companyName": "Microsoft Corporation",
      "copyrightText": "Copyright (c) {companyName}. All rights reserved.\nLicensed under the {licenseName} License.",
      "variables": {
        "licenseName": "MIT"
      }
    },
    "orderingRules": {
      "systemUsingDirectivesFirst": true,
      "usingDirectivesPlacement": "outsideNamespace"
    }
  }
}