{
  "$schema": "https://raw.githubusercontent.com/DotNetAnalyzers/StyleCopAnalyzers/master/StyleCop.Analyzers/StyleCop.Analyzers/Settings/stylecop.schema.json",
  "settings": {
    "indentation": {
      "useTabs": false
    },
    "documentationRules": {
      "companyName": "Microsoft",
      "copyrightText": "Copyright (c) Microsoft Corporation. All rights reserved.\nLicensed under the MIT License."
    },
    "orderingRules": {
      "systemUsingDirectivesFirst": true,
      "usingDirectivesPlacement": "outsideNamespace"
    }
  }
}